attack_type,count,name_failure_rate,name_clean_present,email_failure_rate,email_clean_present,phone_failure_rate,phone_clean_present
clean,15873,0.0,12586,0.0,12144,0.0,12836
combo,15873,0.1685205784204672,12586,0.8916337285902504,12144,0.0,12836
homoglyph,15873,0.04886381693945654,12586,0.7500823451910409,12144,0.0,12836
keyword_stuffing,15873,0.0,12586,0.0,12144,0.0,12836
zero_width,15873,0.229064039408867,12586,0.7569993412384717,12144,0.0,12836
