{
  "all_features": {
    "logistic_regression": {
      "accuracy": 0.8336308273834523,
      "precision": 0.9849379198046,
      "recall": 0.76210725253957,
      "f1": 0.8593118756936737
    },
    "random_forest": {
      "accuracy": 0.9153191936161277,
      "precision": 0.9714237115155638,
      "recall": 0.8994409008583353,
      "f1": 0.9340475119597661
    }
  },
  "no_unicode": {
    "logistic_regression": {
      "accuracy": 0.8260184796304074,
      "precision": 0.9704260651629073,
      "recall": 0.7622647452555319,
      "f1": 0.8538414042515656
    },
    "random_forest": {
      "accuracy": 0.9181541369172617,
      "precision": 0.9723541383989145,
      "recall": 0.9029057406094968,
      "f1": 0.9363439630884814
    }
  },
  "no_counts": {
    "logistic_regression": {
      "accuracy": 0.8316358672826544,
      "precision": 0.9935524126455907,
      "recall": 0.7523427041499331,
      "f1": 0.8562850100829039
    },
    "random_forest": {
      "accuracy": 0.9131142377152457,
      "precision": 0.9713212700580403,
      "recall": 0.8961335538231356,
      "f1": 0.9322138029899651
    }
  },
  "only_unicode": {
    "logistic_regression": {
      "accuracy": 0.8327383452330953,
      "precision": 0.9995798760634387,
      "recall": 0.7494290889046381,
      "f1": 0.8566156615661566
    },
    "random_forest": {
      "accuracy": 0.8317933641327173,
      "precision": 0.9976936785826607,
      "recall": 0.7494290889046381,
      "f1": 0.855922295170429
    }
  },
  "only_structure": {
    "logistic_regression": {
      "accuracy": 0.8260184796304074,
      "precision": 0.9704260651629073,
      "recall": 0.7622647452555319,
      "f1": 0.8538414042515656
    },
    "random_forest": {
      "accuracy": 0.9181541369172617,
      "precision": 0.9723541383989145,
      "recall": 0.9029057406094968,
      "f1": 0.9363439630884814
    }
  }
}