feature,importance
avg_token_length,0.25172112826849086
non_ascii_count,0.17889942809733128
homoglyph_count,0.07862341178266788
unique_token_ratio,0.07535189977225375
zero_width_count,0.07417024146676786
punct_count,0.06963763087650772
whitespace_ratio,0.06545964765111216
num_chars,0.05649943406220634
num_tokens,0.053460866921872366
uppercase_ratio,0.05285874476587278
digit_count,0.043317566334917054
